"Track URI","Track Name","Artist URI(s)","Artist Name(s)","Album URI","Album Name","Album Artist URI(s)","Album Artist Name(s)","Album Release Date","Album Image URL","Disc Number","Track Number","Track Duration (ms)","Track Preview URL","Explicit","Popularity","ISRC","Added By","Added At","Artist Genres","Danceability","Energy","Key","Loudness","Mode","Speechiness","Acousticness","Instrumentalness","Liveness","Valence","Tempo","Time Signature","Album Genres","Label","Copyrights"
"spotify:track:5JCDVLwteSXuwVqjCa7SwH","O Rangrez","spotify:artist:0L5GV6LN8SWWUWIdBbTLTZ, spotify:artist:0oOet2f43PA68X5RxKobEy, spotify:artist:5diMmmNkRVfgUnXJrzXzjZ, spotify:artist:5XWfOrZhMMjoBTKcAgtFxe, spotify:artist:3cXNzZYIOUpv22w4iJm42t","Shankar-Ehsaan-Loy, Shreya Ghoshal, Javed Bashir, Yusuf Mohammed, Vajid Ali","spotify:album:3m5FIubiCHr9mH3BU7ngY4","Bhaag Milkha Bhaag (Original Motion Picture Soundtrack)","spotify:artist:0L5GV6LN8SWWUWIdBbTLTZ","Shankar-Ehsaan-Loy","2013-06-14","https://i.scdn.co/image/ab67616d0000b273fd2df008046f04c32d9c0c2e","1","7","385000","https://p.scdn.co/mp3-preview/908d20cc5ed7c0a1bd3e4576b6a1e92e12c16742?cid=9950ac751e34487dbbe027c4fd7f8e99","false","75","INS171300371","spotify:user:pjwjkeplirrbgs4o6iva2lzct","2024-03-21T06:45:08Z","bollywood,sufi,desi,hindi pop,bollywood,hindi pop,kannada pop,desi,marathi pop,sufi,qawwali,bollywood,hindi pop,desi,sufi,sufi","0.726","0.53","5","-8.485","1","0.0531","0.498","0","0.14","0.594","126.06","4","","Sony Music Entertainment India Pvt. Ltd.","P (P) 2013 Sony Music Entertainment India Pvt. Ltd."
"spotify:track:2cPUB8EOT6AfJ8oxhyoNXL","Ye Tune Kya Kiya","spotify:artist:1wRPtKGflJrBx9BmLsSwlU, spotify:artist:5diMmmNkRVfgUnXJrzXzjZ","Pritam, Javed Bashir","spotify:album:381lOukp7nV59bJS13TkPe","Once Upon Ay Time In Mumbai Dobaara !","spotify:artist:1wRPtKGflJrBx9BmLsSwlU, spotify:artist:3yS84AjNFqhmuJlIXy7sax, spotify:artist:69EjD8i1YtmeJRBou0I21r","Pritam, Laxmikant–Pyarelal, Anupam Amod","2013-07-22","https://i.scdn.co/image/ab67616d0000b273fe77bd21eb38ff74b5f21524","1","1","314239","https://p.scdn.co/mp3-preview/15bae6265cd512ec4c182921afa158cd4b0b618e?cid=9950ac751e34487dbbe027c4fd7f8e99","false","81","INS181304385","spotify:user:pjwjkeplirrbgs4o6iva2lzct","2024-03-27T11:57:04Z","bollywood,hindi pop,desi,sufi,sufi,qawwali,bollywood,hindi pop,desi","0.578","0.798","7","-6.01","1","0.0699","0.58","0","0.111","0.728","91.96","4","","T-Series","C 2013 Super Cassettes Industries Private Limited, P 2013 Super Cassettes Industries Private Limited"
"spotify:track:2IE9zIcy8yE9yCE6VBQhWj","Ale","spotify:artist:1wRPtKGflJrBx9BmLsSwlU, spotify:artist:3tHD07u1ON4uHxmnT9rwqZ, spotify:artist:2UwDJeoMqYers5Jmm75zm2","Pritam, Neeraj Shridhar, Antara Mitra","spotify:album:0v6eCttKxqeSVaB2AbGOBM","Golmaal 3","spotify:artist:1wRPtKGflJrBx9BmLsSwlU","Pritam","2010-10-09","https://i.scdn.co/image/ab67616d0000b27332185a54aae1479fc01e2806","1","3","279841","https://p.scdn.co/mp3-preview/10a9a4cd29ae6ccc2a558156c5a750f3247aede3?cid=9950ac751e34487dbbe027c4fd7f8e99","false","53","INS181008666","spotify:user:pjwjkeplirrbgs4o6iva2lzct","2024-03-21T06:55:28Z","bollywood,hindi pop,desi,sufi,bollywood,desi,hindi pop,bollywood,hindi pop,desi","0.661","0.9","8","-5.54","1","0.0347","0.00291","0.000794","0.272","0.677","134.015","4","","T-Series","C 2010 Super Cassettes Industries Private Limited, P 2010 Super Cassettes Industries Private Limited"
"spotify:track:12e30AWUqweQBAOelP15z4","Sarfira","spotify:artist:2PohYZ8K7UC6Fo6qDDSm7B, spotify:artist:0m3D4grap8VFSzbJMqgNVk, spotify:artist:3ZxZ03fj3tXBZHZWzvaLSM, spotify:artist:7hwEGO7U6JwQ7M1teoO8GW","Qaran Mehta, Kumaar, Neeti Mohan, Siddharth Mahadevan","spotify:album:76ecox4hoZ0f61B8Szi8Tq","Katti Batti (Original Motion Picture Soundtrack)","spotify:artist:0L5GV6LN8SWWUWIdBbTLTZ","Shankar-Ehsaan-Loy","2018-09-26","https://i.scdn.co/image/ab67616d0000b2736116f065b501ef98b2e6047e","1","1","243941","","false","36","INZ031400840","spotify:user:pjwjkeplirrbgs4o6iva2lzct","2024-03-21T07:13:45Z","bollywood,hindi pop,desi,desi pop,bollywood,hindi pop,desi,bollywood,desi,hindi pop","0.653","0.866","2","-3.467","1","0.0335","0.0499","0.00000153","0.717","0.699","136.931","4","","Zee Music Company","C © 2018 Zee Music Company, P ℗ 2018 Zee Music Company"
"spotify:track:3x55c9UVpbURc2T02DLfEM","Te Amo (Duet)","spotify:artist:1wRPtKGflJrBx9BmLsSwlU, spotify:artist:1cfG7UM0OD4O1II1nd15Qo, spotify:artist:3eDT9fwXKuHWFvgZaaYC5v","Pritam, Ash King, Sunidhi Chauhan","spotify:album:5RM8pIBX8zU9g8U5WG4zfZ","Dum Maaro Dum","spotify:artist:1wRPtKGflJrBx9BmLsSwlU","Pritam","2011-03-15","https://i.scdn.co/image/ab67616d0000b273e39388ba8eadf58476135087","1","2","284723","https://p.scdn.co/mp3-preview/7a205cb9d88417a622ba711eb5a251f71f16455e?cid=9950ac751e34487dbbe027c4fd7f8e99","false","65","INS181100867","spotify:user:pjwjkeplirrbgs4o6iva2lzct","2024-03-21T07:27:23Z","bollywood,hindi pop,desi,sufi,bollywood,hindi pop,desi,bangla pop,bollywood,desi,hindi pop","0.594","0.757","11","-5.381","1","0.0504","0.606","0","0.251","0.597","127.894","4","","T-Series","C 2011 Super Cassettes Industries Private Limited, P 2011 Super Cassettes Industries Private Limited"
"spotify:track:4caG3rDBMXGLWzCzhXZ92c","Humare Saath Shri Raghunath","spotify:artist:0ivZyfIHsCjQGS5OqHt3hA","Agam Aggarwal","spotify:album:4KVyUsDWT1tyPWrRdHSUeo","Humare Saath Shri Raghunath","spotify:artist:0ivZyfIHsCjQGS5OqHt3hA","Agam Aggarwal","2022-10-17","https://i.scdn.co/image/ab67616d0000b2734ab8c098eb041ef10cba5d7e","1","1","249365","https://p.scdn.co/mp3-preview/154dae349edbcfbba63fe2439591647c79c456e3?cid=9950ac751e34487dbbe027c4fd7f8e99","false","58","INS932200331","spotify:user:pjwjkeplirrbgs4o6iva2lzct","2024-03-26T14:35:24Z","bhajan,devotional","0.681","0.638","5","-8.024","0","0.0584","0.684","0","0.0971","0.554","134.071","1","","Shemaroo Entertainment Ltd.","C 2022 Shemaroo Entertainment Ltd., P 2022 Shemaroo Entertainment Ltd."
"spotify:track:1HXy5I3HTWq8OvxCn0z7G7","Heaven","spotify:artist:3oSJ7TBVCWMDMiYjXNiCKE","Kane Brown","spotify:album:4UoCJkoqgUmaWMiWifq4vp","Kane Brown (Deluxe Edition)","spotify:artist:3oSJ7TBVCWMDMiYjXNiCKE","Kane Brown","2017-10-06","https://i.scdn.co/image/ab67616d0000b273c7ee084acfc2d7ca0b112b5c","1","15","179506","https://p.scdn.co/mp3-preview/34b8ce2812f87d28bd79e8ef47c16312bdef219d?cid=9950ac751e34487dbbe027c4fd7f8e99","false","74","USRN11700088","spotify:user:pjwjkeplirrbgs4o6iva2lzct","2024-03-21T04:52:37Z","country,pop country","0.677","0.556","9","-6.544","1","0.0306","0.263","0","0.105","0.521","80.006","4","","RCA Records Label Nashville","P (P) 2017 Sony Music Entertainment"
"spotify:track:6f2o3F3BoPwlicA0ko2gAb","On The Road Again","spotify:artist:7bsyET4aRFBJ9dOtGeHCX5","The Brother Brothers","spotify:album:44QrG8cDITqHHGZcGfeZWr","Calla Lily","spotify:artist:7bsyET4aRFBJ9dOtGeHCX5","The Brother Brothers","2021-04-16","https://i.scdn.co/image/ab67616d0000b27375eab147819ba2119a228e8f","1","1","173969","https://p.scdn.co/mp3-preview/799b1c27b7f030702986c2a91543049a34cb1056?cid=9950ac751e34487dbbe027c4fd7f8e99","false","37","USCO92075701","spotify:user:pjwjkeplirrbgs4o6iva2lzct","2024-03-28T06:06:33Z","","0.617","0.454","3","-11.24","1","0.0303","0.722","0.0172","0.0774","0.694","104.466","4","","Compass Records","C 2021 The Brother Brothers. Issued under license to Compass Records., P 2021 The Brother Brothers. Issued under license to Compass Records."
"spotify:track:4KesmOv91PmUtzTC4ltGhB","Mere Paas Tum Raho","spotify:artist:4MjnXdCTzppLKxnfNv1G7h, spotify:artist:7w089qcbkrJcuYYDzpWTeJ, spotify:artist:5Nfs3z1NSsrI3wxInUl6v8, spotify:artist:00uMWk0Zgw5qUziwylo2b3, spotify:artist:6Tt4bucXZfk6Vasj3fSaCT","Sumedh Mudgalkar, Bharat Kamal, Mohit Lalwani, Ambika Devi, Prateeksha Srivastava","spotify:album:3I0bHAfRH2tUA6OWNX5nEG","Mere Paas Tum Raho","spotify:artist:4MjnXdCTzppLKxnfNv1G7h, spotify:artist:7w089qcbkrJcuYYDzpWTeJ, spotify:artist:5Nfs3z1NSsrI3wxInUl6v8","Sumedh Mudgalkar, Bharat Kamal, Mohit Lalwani","2023-03-18","https://i.scdn.co/image/ab67616d0000b2732ceba40dfdd9c90232933d2d","1","1","209703","https://p.scdn.co/mp3-preview/fea67dd7efcfd3cec70f56a9b68ba1ff003be025?cid=9950ac751e34487dbbe027c4fd7f8e99","false","54","INM7Q2304657","spotify:user:pjwjkeplirrbgs4o6iva2lzct","2024-04-06T15:30:30Z","bhajan,devotional,bhajan,devotional,bhajan,devotional,indian indie,hindi indie,bhajan","0.65","0.384","5","-9.191","1","0.0265","0.811","0","0.0876","0.419","109.921","1","","ML Records","C 2023 ML Records, P 2023 ML Records"
"spotify:track:5UYYQuk6SjY3S892UuLXE3","Heroes","spotify:artist:7LIy7KinYq7a83dUH6kvxT","Zayde Wølf","spotify:album:3VTJLL9SL6euzyWQmORZsS","Rare Breed","spotify:artist:7LIy7KinYq7a83dUH6kvxT","Zayde Wølf","2016-04-01","https://i.scdn.co/image/ab67616d0000b2734d5be51b6b043b371eb4e704","1","6","222413","https://p.scdn.co/mp3-preview/45e68d68b7344b9954bb93b311c3296812b56c11?cid=9950ac751e34487dbbe027c4fd7f8e99","false","2","TCACM1664520","spotify:user:pjwjkeplirrbgs4o6iva2lzct","2024-04-07T08:14:18Z","","0.516","0.714","5","-4.529","0","0.0391","0.257","0","0.0683","0.312","86.926","4","","Lyric House LLC","C 2016 Lyric House LLC, P 2016 Lyric House LLC"
"spotify:track:0M0ANKNzmM4Odd7FNKghzW","Akhiyaan Gulaab (From ""Teri Baaton Mein Aisa Uljha Jiya"")","spotify:artist:3iGhlvzpXc0UHBQ7klAItX","Mitraz","spotify:album:1VZDqgb1ALde0CFMIvEGNr","Akhiyaan Gulaab (From ""Teri Baaton Mein Aisa Uljha Jiya"")","spotify:artist:3iGhlvzpXc0UHBQ7klAItX","Mitraz","2024-01-19","https://i.scdn.co/image/ab67616d0000b27352e3a807b72281cb40c08092","1","1","171147","https://p.scdn.co/mp3-preview/ea00af6baa942154c1a3e3d55a196ac463c7754e?cid=9950ac751e34487dbbe027c4fd7f8e99","false","77","INS182400204","spotify:user:pjwjkeplirrbgs4o6iva2lzct","2024-04-07T15:02:21Z","indian indie,hindi indie,desi pop,desi,hindi pop","0.763","0.587","8","-8.299","0","0.0381","0.358","0.00000603","0.13","0.794","106.977","4","","T-Series","C 2024 Super Cassettes Industries Private Limited, P 2024 Super Cassettes Industries Private Limited"
"spotify:track:3hRV0jL3vUpRrcy398teAU","The Night We Met","spotify:artist:6ltzsmQQbmdoHHbLZ4ZN25","Lord Huron","spotify:album:4sD1qg4jwTZR4mvR4Iflk5","Strange Trails","spotify:artist:6ltzsmQQbmdoHHbLZ4ZN25","Lord Huron","2015-04-06","https://i.scdn.co/image/ab67616d0000b27317875a0610c23d8946454583","1","14","208211","https://p.scdn.co/mp3-preview/d563a6c29fb2e51cb10b638ab4f2409f0bf9d398?cid=9950ac751e34487dbbe027c4fd7f8e99","false","91","US53Q1200103","spotify:user:pjwjkeplirrbgs4o6iva2lzct","2024-04-08T12:24:22Z","","0.448","0.369","9","-9.514","1","0.0452","0.968","0.272","0.638","0.0998","174.097","3","","Play It Again Sam","C 2015 IAMSOUND Records released under exclusive license to Play It Again Sam, P 2015 IAMSOUND Records released under exclusive license to Play It Again Sam"
"spotify:track:1jNU6B5aiv91AC4MjipVQG","Here With Me","spotify:artist:6UUPmOaF0syyjXaWHB68xK","Michael Lane","spotify:album:7JrmfH8E70vnPGPfEVK55x","Here With Me","spotify:artist:6UUPmOaF0syyjXaWHB68xK","Michael Lane","2023-01-20","https://i.scdn.co/image/ab67616d0000b273d7369966219b6d7401261fb9","1","1","226037","https://p.scdn.co/mp3-preview/afa22a0b78b42923b3b35d7b9d2f126ad0653b2f?cid=9950ac751e34487dbbe027c4fd7f8e99","false","0","DEVF42200345","spotify:user:pjwjkeplirrbgs4o6iva2lzct","2024-04-11T15:11:25Z","indie folk","0.355","0.33","10","-12.65","0","0.0682","0.827","0.0000526","0.117","0.283","199.002","4","","Greywood Records","C 2023 Greywood Records, P 2023 Greywood Records"
"spotify:track:59mfOQEKtrVxWArsisExSs","Bird in a Tree","spotify:artist:7bsyET4aRFBJ9dOtGeHCX5","The Brother Brothers","spotify:album:4YWD3lW1stJ601JlsaBOJ5","Tugboats - EP","spotify:artist:7bsyET4aRFBJ9dOtGeHCX5","The Brother Brothers","2017-01-10","https://i.scdn.co/image/ab67616d0000b273ffa19e5a6c469c1975d627e9","1","2","149106","https://p.scdn.co/mp3-preview/bc90dcfdc19c55edc598e5fdb009c7b56b290e77?cid=9950ac751e34487dbbe027c4fd7f8e99","false","17","TCACW1758562","spotify:user:pjwjkeplirrbgs4o6iva2lzct","2024-04-18T16:46:27Z","","0.569","0.446","0","-4.662","1","0.0413","0.875","0.0000104","0.0912","0.785","126.683","4","","The Brother Brothers","C 2017 The Brother Brothers, P 2017 The Brother Brothers"
"spotify:track:18qN1yxa4SVwmykQq1Icrl","Khayaal","spotify:artist:4FJhE5ToBQGzOGf0D5Xd1C, spotify:artist:6Tt4bucXZfk6Vasj3fSaCT","Abhijeet Srivastava, Prateeksha Srivastava","spotify:album:4EArcY1dBXz075hMxNgRUN","Khayaal","spotify:artist:4FJhE5ToBQGzOGf0D5Xd1C, spotify:artist:6Tt4bucXZfk6Vasj3fSaCT","Abhijeet Srivastava, Prateeksha Srivastava","2020-07-03","https://i.scdn.co/image/ab67616d0000b27390075bd5397ad77813161fe9","1","1","162206","https://p.scdn.co/mp3-preview/4d1afaf63881608ed651524fb22beebe539a5054?cid=9950ac751e34487dbbe027c4fd7f8e99","false","51","FRX202029520","spotify:user:pjwjkeplirrbgs4o6iva2lzct","2024-04-19T09:12:51Z","indian indie,hindi indie,desi pop,hindi pop,bollywood,indian indie,hindi indie,bhajan","0.5","0.677","0","-7.73","0","0.0634","0.21","0","0.118","0.524","149.751","3","","Springboard Records","C 2020 Springboard Records, P 2020 Boon Castle Media and Entertainment Private Limited"
"spotify:track:3aopZmqZPLRjybFGPO2fqj","Dil Na Jaaneya - From ""Good Newwz""","spotify:artist:3dN9MQpjIyNxyeRfz4EDZe, spotify:artist:4mRPyvdSBxARQIFeXXM13s, spotify:artist:5JZ7CnR6gTvEMKX4g70Amv","Rochak Kohli, AKASA, Lauv","spotify:album:4XS9FfQ4r7JUGgRRcpr7zC","Dil Na Jaaneya (From ""Good Newwz"")","spotify:artist:3dN9MQpjIyNxyeRfz4EDZe","Rochak Kohli","2019-12-23","https://i.scdn.co/image/ab67616d0000b273f2dcf351b4e10feb3a500237","1","1","231136","","false","43","INZ031406649","spotify:user:pjwjkeplirrbgs4o6iva2lzct","2024-04-25T13:56:53Z","bollywood,hindi pop,desi,bollywood,desi pop,hindi pop","0.791","0.348","10","-9.457","1","0.0434","0.593","0.00000154","0.097","0.493","131.974","4","","Zee Music Company","C © 2019 Zee Music Company, P ℗ 2019 Zee Music Company"
"spotify:track:3dBnKADF2MmLXM9IopV9Bt","Pink Blue","spotify:artist:19jx3wc1iRshvEKMvzZc1X, spotify:artist:5mUENA9ewpJd5z9KuwOKrd","Tsumyoki, Bharg","spotify:album:0qYhqBhpicb2Kl8oB6YziF","Pink Blue","spotify:artist:19jx3wc1iRshvEKMvzZc1X, spotify:artist:5mUENA9ewpJd5z9KuwOKrd","Tsumyoki, Bharg","2022-04-07","https://i.scdn.co/image/ab67616d0000b273d7c5d731da2aebf34604bb66","1","1","205714","https://p.scdn.co/mp3-preview/3d8cee550c30b05530f81debb18a3db710088701?cid=9950ac751e34487dbbe027c4fd7f8e99","false","45","QM4TX2241051","spotify:user:pjwjkeplirrbgs4o6iva2lzct","2024-04-26T06:55:50Z","desi hip hop,hindi hip hop,indian indie,hindi indie,desi hip hop,hindi hip hop,hindi indie,indian indie","0.746","0.615","4","-7.634","1","0.0391","0.392","0","0.0973","0.473","126.03","4","","Mass Appeal India","C (C) 2022 Gully Gang / Mass Appeal, P (P) 2022 Gully Gang / Mass Appeal"
"spotify:track:2XIHwevzpOnm2hVauvOFpC","Keep You Down","spotify:artist:2FoKsPApveBHqiVoP5RsWL","The Nightjars","spotify:album:1nK2MAYEmr8BnN3D3D10nJ","The Nightjars","spotify:artist:2FoKsPApveBHqiVoP5RsWL","The Nightjars","2022-08-19","https://i.scdn.co/image/ab67616d0000b2735d5564b8efb70eb6ede85b87","1","2","227490","https://p.scdn.co/mp3-preview/e410d31a617887d0cb8f7945a022ecf60d458e4d?cid=9950ac751e34487dbbe027c4fd7f8e99","false","14","IL6652204349","spotify:user:pjwjkeplirrbgs4o6iva2lzct","2024-04-27T06:29:09Z","","0.545","0.405","6","-9.738","1","0.0271","0.306","0.0000185","0.093","0.29","125.957","4","","Artlist Original","C 2022 Artlist Original - Use This Song in Your Video - Go to Artlist.io, P 2022 Artlist Original - Use This Song in Your Video - Go to Artlist.io"
"spotify:track:54Ew5C5l8dkwsRxieCFLKH","First Kiss","spotify:artist:3ocTwOjekTkFdD695eKuQr","Justin Prabhakaran","spotify:album:6mDAtrM3u1T9EQaHgLMrje","Meenakshi Sundareshwar (Original Motion Picture Soundtrack)","spotify:artist:3ocTwOjekTkFdD695eKuQr","Justin Prabhakaran","2021-11-01","https://i.scdn.co/image/ab67616d0000b27327bd0b2629800b3a2a8b8060","1","9","198684","https://p.scdn.co/mp3-preview/0b8fd10a62e8d22fda2e12c1772988f4bbf47743?cid=9950ac751e34487dbbe027c4fd7f8e99","false","30","INS172104087","spotify:user:pjwjkeplirrbgs4o6iva2lzct","2024-05-03T10:13:55Z","tollywood,telugu pop,tamil pop,kollywood","0.808","0.486","10","-10.759","0","0.0694","0.391","0.0642","0.322","0.336","100.027","4","","Sony Music Entertainment India Pvt. Ltd. / Dharmatic Entertainment","P (P) 2021 Sony Music Entertainment India Pvt. Ltd. Under Exclusive License From Dharmatic Entertainment"
"spotify:track:0jQGwGtEuSmjvVS2iKEOgG","Like No One Does","spotify:artist:0DxPHf2flBAcV2SnZPg3SV","Jake Scott","spotify:album:3DyTbFaUxKb9LIGLjp1Dxx","TWENTY TWENTY","spotify:artist:0DxPHf2flBAcV2SnZPg3SV","Jake Scott","2020-12-20","https://i.scdn.co/image/ab67616d0000b273bed2d78b153a97b2ea9d55d7","1","5","158469","https://p.scdn.co/mp3-preview/380b23a769aa254ae5bd4276a96131c2609d705e?cid=9950ac751e34487dbbe027c4fd7f8e99","false","0","QZFZ62060612","spotify:user:pjwjkeplirrbgs4o6iva2lzct","2024-05-10T09:14:47Z","","0.809","0.411","10","-12.82","1","0.186","0.355","0.00000152","0.107","0.426","104.96","4","","Jake Scott","C 2022 Jake Scott, P 2022 Jake Scott"
"spotify:track:7uZLUFqPgGqwzD5rzOl8Sa","Mulaqat","spotify:artist:0tC995Rfn9k2l7nqgCZsV7","Prateek Kuhad","spotify:album:2LBQG9vBtXEL7RD4FUTJTa","Mulaqat","spotify:artist:0tC995Rfn9k2l7nqgCZsV7","Prateek Kuhad","2023-10-03","https://i.scdn.co/image/ab67616d0000b2733db58808045108732961ec28","1","1","246519","https://p.scdn.co/mp3-preview/b10681d1f3c887a9c29ec359adc951f9fed9b2d3?cid=9950ac751e34487dbbe027c4fd7f8e99","false","60","USAT22309473","spotify:user:pjwjkeplirrbgs4o6iva2lzct","2024-05-13T07:48:46Z","indian indie,hindi indie","0.717","0.182","4","-13.629","1","0.0355","0.736","0.000248","0.0746","0.232","81.99","4","","Elektra (NEK)","C © 2023 Elektra Entertainment, LLC, P ℗ 2023 Elektra Entertainment, LLC"
"spotify:track:1Ehdm1PDlKrdfyBsjwEvd1","Top Of The World","spotify:artist:1eEfMU2AhEo7XnKgL7c304","Carpenters","spotify:album:1nA6Exnq2mWD8678q3E4Ov","A Song For You","spotify:artist:1eEfMU2AhEo7XnKgL7c304","Carpenters","1972","https://i.scdn.co/image/ab67616d0000b27375fc0e961ba2028df4787966","1","2","179173","","false","70","USAM17200071","spotify:user:pjwjkeplirrbgs4o6iva2lzct","2024-05-15T17:14:22Z","christmas,adult standards","0.379","0.343","10","-12.993","1","0.0385","0.806","0","0.0991","0.694","184.301","4","","A&M","C © 1972 UMG Recordings, Inc., P ℗ 1972 UMG Recordings, Inc."
"spotify:track:3eSm4iAkLsn3BeggfiQOH9","Kaise Ab Kahein - From ""Gutar Gu""","spotify:artist:2yC22iFmcNBOfauIctRvPT, spotify:artist:1oJYWBIasyrnLv3jZYkIRF, spotify:artist:0RVfcqug2nB820dxIGycIW, spotify:artist:2LX2ca4llDo1CckEcTl2Nc, spotify:artist:6eBkw5IL6oFehkMupSVa0S","Gaurav Chatterji, Aasa Singh, Hansika Pareek, Hrishi Giridhar, Pratik Gangavane","spotify:album:6NXaQGU2jsb6O38BIJ6QXy","Kaise Ab Kahein (From ""Gutar Gu"")","spotify:artist:2yC22iFmcNBOfauIctRvPT, spotify:artist:1oJYWBIasyrnLv3jZYkIRF, spotify:artist:0RVfcqug2nB820dxIGycIW","Gaurav Chatterji, Aasa Singh, Hansika Pareek","2023-04-13","https://i.scdn.co/image/ab67616d0000b273f17c959db73a5c53ddc903e9","1","1","120000","https://p.scdn.co/mp3-preview/f986e53ac206f77523801640bf67cb25848d6778?cid=9950ac751e34487dbbe027c4fd7f8e99","false","66","FRX282391222","spotify:user:pjwjkeplirrbgs4o6iva2lzct","2024-05-18T10:49:44Z","indian indie,hindi indie,indian indie,hindi indie,indian indie,hindi indie,gujarati pop,hindi indie","0.443","0.396","7","-11.071","1","0.037","0.891","0","0.0926","0.488","89.114","4","","Sikhya Entertainment Records","C 2023 Sikhya Entertainment Records, P 2023 Sikhya Entertainment Records"
"spotify:track:6hVq4MGBhPIniEmpGbJIWR","Hardum Humdum","spotify:artist:1wRPtKGflJrBx9BmLsSwlU, spotify:artist:4YRxDV8wJFPHPTeXepOstw","Pritam, Arijit Singh","spotify:album:6FoLUhYlbncGfVYckWTqLv","Ludo","spotify:artist:1wRPtKGflJrBx9BmLsSwlU","Pritam","2020-11-13","https://i.scdn.co/image/ab67616d0000b273b67a843ee7de84208f3e4f28","1","2","188000","https://p.scdn.co/mp3-preview/44ed5f34d3b175b00bf073f7cd246c269df0df7e?cid=9950ac751e34487dbbe027c4fd7f8e99","false","55","INS182006635","spotify:user:pjwjkeplirrbgs4o6iva2lzct","2024-05-28T08:55:19Z","bollywood,hindi pop,desi,sufi,hindi pop,bollywood,desi,bangla pop","0.59","0.821","2","-4.933","1","0.0444","0.346","0.00000838","0.454","0.784","116.942","4","","T-Series","C 2020 Super Cassettes Industries Private Limited, P 2020 Super Cassettes Industries Private Limited"
"spotify:track:0SAZ4IHYMtjW4Lxrjm7NnG","Aashiq Tera","spotify:artist:38IHJBGBuaYXHEkIQd4DtF, spotify:artist:1bTROl5p3rGTpvKeWnGgrw, spotify:artist:7h2iyGbQUPE8V8tATDSOAM","Altamash Faridi, Sohail Sen, Mudassar Aziz","spotify:album:2QTktaF2GGrGu8Qu3ZyIms","Happy Bhag Jayegi (Original Motion Picture Soundtrack)","spotify:artist:1bTROl5p3rGTpvKeWnGgrw, spotify:artist:7h2iyGbQUPE8V8tATDSOAM","Sohail Sen, Mudassar Aziz","2016-07-28","https://i.scdn.co/image/ab67616d0000b273e005c1f068091493afd80816","1","3","294751","https://p.scdn.co/mp3-preview/e243df8067311bf01750d8205d1b41d2ef45d915?cid=9950ac751e34487dbbe027c4fd7f8e99","false","76","GBSGZ1500734","spotify:user:pjwjkeplirrbgs4o6iva2lzct","2024-06-07T11:45:10Z","bollywood,sufi,hindi pop,desi,bollywood,hindi pop,desi,sufi","0.46","0.885","4","-5.061","1","0.063","0.192","0","0.0847","0.627","114.936","4","","Eros Now Music","C (C) 2016 Eros Now Music, P (P) 2016 Eros Now Music"
"spotify:track:4LGF2tDg3878bs0mQPByZ4","Guaranteed","spotify:artist:0mXTJETA4XUa12MmmXxZJh","Eddie Vedder","spotify:album:13xlpKbai3GGoMSr75lOeX","Into The Wild (Music For The Motion Picture)","spotify:artist:0mXTJETA4XUa12MmmXxZJh","Eddie Vedder","2007-09-18","https://i.scdn.co/image/ab67616d0000b2733ed52339ae78ac1b695e8d80","1","11","164500","","false","61","USJY51700110","spotify:user:pjwjkeplirrbgs4o6iva2lzct","2024-06-11T13:37:04Z","acoustic rock","0.436","0.4","7","-11.485","1","0.0272","0.904","0.00105","0.125","0.351","100.734","4","","Into The Wild Soundtrack","C © 2007 Seattle Surf Co. LLC, Under Exclusive License To UMG Recordings, Inc., P ℗ 2007 Seattle Surf Co. LLC, Under Exclusive License To UMG Recordings, Inc."
"spotify:track:199wv1uOJYZ1XyK8FTzwh2","Ascend","spotify:artist:4FAahCBNlbpgoAhVfuUHPD","Dezko","spotify:album:4mAF3peOEA7768ugEsKNHk","Ascend","spotify:artist:4FAahCBNlbpgoAhVfuUHPD","Dezko","2023-06-09","https://i.scdn.co/image/ab67616d0000b27336eaa88d33968ee025d0b3d1","1","1","200156","https://p.scdn.co/mp3-preview/5ce0dd6090f77c3db799710d5ab552967e0b55a3?cid=9950ac751e34487dbbe027c4fd7f8e99","false","74","QM7282324662","spotify:user:pjwjkeplirrbgs4o6iva2lzct","2024-06-11T13:37:31Z","stutter house","0.707","0.835","8","-8.759","0","0.0418","0.601","0.791","0.0933","0.0958","120.009","4","","ALT:Vision Records","C (C) 2023 Too Future / ALT:Vision Records, P (P) 2023 Too Future / ALT:Vision Records"
"spotify:track:4bcc92EwI9zH9SawQYYrUA","Tane Haiyama Padhravu Re","spotify:artist:7exaRUHjGMdwPUaZkvBJnb","Divyang Ray","spotify:album:5GK0IkAfuAblB5yx9S1ygd","Tane Haiyama Padhravu Re","spotify:artist:7exaRUHjGMdwPUaZkvBJnb","Divyang Ray","2016-04-16","https://i.scdn.co/image/ab67616d0000b273540dce1d935cd43117d10c3b","1","1","577500","https://p.scdn.co/mp3-preview/81fdc6f1da19d7a3595c5888a7427b417554538a?cid=9950ac751e34487dbbe027c4fd7f8e99","false","0","QM4DW1638902","spotify:user:pjwjkeplirrbgs4o6iva2lzct","2024-06-14T06:18:11Z","bhajan","0.682","0.428","7","-8.064","1","0.0274","0.594","0","0.246","0.318","99.99","1","","iAmAkshar","C 2016 iAmAkshar, P 2016 iAmAkshar"
"spotify:track:646x3mGqcFfrgMum5YCTbz","Nirvana Shatakam","spotify:artist:25z75NKuPErImPddNQYD6g","Religious India","spotify:album:5daR2AX9J9yhVecpj7kMB5","Nirvana Shatakam","spotify:artist:25z75NKuPErImPddNQYD6g","Religious India","2024-03-19","https://i.scdn.co/image/ab67616d0000b2737b6dd68396f5ce9d78ef3b47","1","1","244054","https://p.scdn.co/mp3-preview/6a7698a67797b3edbe287df800236a4ede0c50fc?cid=9950ac751e34487dbbe027c4fd7f8e99","false","61","INN682102318","spotify:user:pjwjkeplirrbgs4o6iva2lzct","2024-06-20T05:46:21Z","bhajan,devotional","0.836","0.267","1","-13.64","1","0.0353","0.752","0.000143","0.0722","0.448","133.984","3","","Skyline Production And Entertainments","C 2024 Skyline Production And Entertainments, P 2024 Skyline Production And Entertainments"
"spotify:track:5y8d8RHvxb0KiTa9Nq0xWp","Morning Has Broken - Remastered 2021","spotify:artist:08F3Y3SctIlsOEmKd6dnH8","Yusuf / Cat Stevens","spotify:album:7ez8WRX4sGhKHZryJPJCNg","Teaser And The Firecat (Remastered 2021)","spotify:artist:08F3Y3SctIlsOEmKd6dnH8","Yusuf / Cat Stevens","1971-10-01","https://i.scdn.co/image/ab67616d0000b2730f284f5845974aa71ebc395d","1","7","199453","","false","71","GBUM72104758","spotify:user:pjwjkeplirrbgs4o6iva2lzct","2024-06-20T11:08:39Z","folk rock,folk,singer-songwriter","0.443","0.365","7","-11.829","1","0.0315","0.592","0.00484","0.0886","0.398","133.156","3","","UMC (Universal Music Catalogue)","C © 2021 Island Records Ltd., P ℗ 2021 Island Records Ltd."
"spotify:track:4EAxNKJQEIIcivG82cU5LM","Oonchi Oonchi Deewarein (From ""Yaariyan 2"")","spotify:artist:3pQ4aA7dkolyjUAMrVScgh, spotify:artist:4YRxDV8wJFPHPTeXepOstw","Manan Bhardwaj, Arijit Singh","spotify:album:4j3UkSRlAyWElz9VNf7toV","Oonchi Oonchi Deewarein (From ""Yaariyan 2"")","spotify:artist:3pQ4aA7dkolyjUAMrVScgh, spotify:artist:4YRxDV8wJFPHPTeXepOstw","Manan Bhardwaj, Arijit Singh","2023-09-20","https://i.scdn.co/image/ab67616d0000b273cac6ed4784b8f73a0145b3f7","1","1","251109","https://p.scdn.co/mp3-preview/f303eee5952729f7fe92f6d0afcb6392d207b4e0?cid=9950ac751e34487dbbe027c4fd7f8e99","false","67","INS182302608","spotify:user:pjwjkeplirrbgs4o6iva2lzct","2024-06-23T07:08:04Z","bhajan,hindi pop,desi pop,hindi pop,bollywood,desi,bangla pop","0.263","0.616","5","-5.17","1","0.0398","0.533","0","0.086","0.298","78.353","4","","T-Series","C 2023 Super Cassettes Industries Private Limited, P 2023 Super Cassettes Industries Private Limited"
"spotify:track:5bQ6oDLqvw8tywmnSmwEyL","Apna Bana Le","spotify:artist:1mBydYMVBECdDmMfE2sEUO, spotify:artist:4YRxDV8wJFPHPTeXepOstw, spotify:artist:2fMqTqiTxUDlmcOEPaQSsx","Sachin-Jigar, Arijit Singh, Amitabh Bhattacharya","spotify:album:12sC6UjMWz6EaxnzyfCNMe","Bhediya (Original Motion Picture Soundtrack)","spotify:artist:1mBydYMVBECdDmMfE2sEUO","Sachin-Jigar","2022-11-22","https://i.scdn.co/image/ab67616d0000b273c7b32b2ebd1ed948c9e7e5c5","1","2","261702","","false","77","INZ031411736","spotify:user:pjwjkeplirrbgs4o6iva2lzct","2024-06-24T05:32:44Z","gujarati pop,bollywood,hindi pop,desi,gujarati garba,hindi pop,bollywood,desi,bangla pop,bollywood,hindi pop,desi","0.586","0.562","9","-7.399","1","0.0267","0.803","0.00000552","0.063","0.436","93.982","4","","Zee Music Company","C © 2022 Zee Music Company, P ℗ 2022 Zee Music Company"
"spotify:track:7p87RATknowYjH1siFCC3P","Chaudhavi Shab","spotify:artist:5eWpthiGD66CLD4bQjvIBp, spotify:artist:0oOet2f43PA68X5RxKobEy, spotify:artist:7uvFUOwVvse3izyeVufnl9","Sanjay Leela Bhansali, Shreya Ghoshal, A.M. Turaz","spotify:album:6b2vHhEysVp1gXn7WMrBFy","Heeramandi (Original Motion Picture Soundtrack)","spotify:artist:5eWpthiGD66CLD4bQjvIBp","Sanjay Leela Bhansali","2024-04-29","https://i.scdn.co/image/ab67616d0000b273eca707a8e1ef2da9d1c68f31","1","4","243792","https://p.scdn.co/mp3-preview/f0befde28fa7641297cdb0a266282f51e7885c2e?cid=9950ac751e34487dbbe027c4fd7f8e99","false","53","INE182326504","spotify:user:pjwjkeplirrbgs4o6iva2lzct","2024-06-26T12:32:30Z","gujarati garba,bollywood,desi,ghazal,hindi pop,bollywood,hindi pop,kannada pop,desi,marathi pop,sufi,bollywood,ghazal,hindi pop,desi","0.713","0.582","3","-7.992","1","0.0377","0.695","0","0.0718","0.701","114.987","4","","Bhansali Music","C 2024 Bhansali Music, P 2024 Bhansali Music"
"spotify:track:2Hy89WQAxszEUQAvpja0nx","Hello","spotify:artist:1bj5GrcLom5gZFF5t949Xl, spotify:artist:4GLJPBj5Cdr9AgLKvLWM4n","Martin Solveig, Dragonette","spotify:album:4JqQu4fHcM6UHm6N96bWY8","Smash","spotify:artist:1bj5GrcLom5gZFF5t949Xl","Martin Solveig","2011-01-01","https://i.scdn.co/image/ab67616d0000b273699ca1acc6307dbcfb021a0a","1","1","281429","https://p.scdn.co/mp3-preview/87b774fe256410a1113e5e38d1c83c745d13b18a?cid=9950ac751e34487dbbe027c4fd7f8e99","false","67","FR2PA1000020","spotify:user:pjwjkeplirrbgs4o6iva2lzct","2024-07-10T06:33:51Z","french house","0.665","0.93","3","-4.201","1","0.0314","0.0257","0.012","0.054","0.461","127.979","4","","BMG Rights Management France SARL","C 2011 BMG Rights Management (France) SARL, P 2011 BMG Rights Management (France) SARL"
"spotify:track:6egfWbtFFhMToV2DvmEzmo","Tu Hain Toh (From ""Mr. And Mrs. Mahi"")","spotify:artist:0Or6EukLg1g2fTl08fPz2o, spotify:artist:3VkiCR2nuvfucpvFXdSVtx, spotify:artist:1uY9B9QroF5K8wPyeEO1QN","Bunny, Hunny, Sagar","spotify:album:3PI3er7mHLniPndwdo0mlA","Mr. And Mrs. Mahi (Original Motion Picture Soundtrack)","spotify:artist:4f7KfxeHq9BiylGmyXepGt, spotify:artist:5wJ1H6ud777odtZl5gG507, spotify:artist:5gZhfbckaWo89OzDSk3gdT","Tanishk Bagchi, Vishal Mishra, Jaani","2024-05-24","https://i.scdn.co/image/ab67616d0000b273373b21b6dfdb6cd71e03101f","1","4","283539","https://p.scdn.co/mp3-preview/a33f91374827cf8d94c77706d4329c5f12322a24?cid=9950ac751e34487dbbe027c4fd7f8e99","false","76","INS172408786","spotify:user:pjwjkeplirrbgs4o6iva2lzct","2024-07-11T19:55:40Z","hindi pop","0.635","0.273","9","-10.396","1","0.0278","0.94","0","0.0928","0.462","100.956","1","","Sony Music Entertainment India Pvt. Ltd.","P (P) 2024 Sony Music Entertainment India Pvt. Ltd."
"spotify:track:6bngLYnL3AbtpXd7uPAMMd","Phero Na Najariya","spotify:artist:7HCqGPJcQTyGJ2yqntbuyr, spotify:artist:3GBSge8pq7mpezUQl0GAOA, spotify:artist:3ZiBHBeZ3OAKJEkDWzQFHS","Amit Trivedi, Kausar Munir, Sireesha Bhagavatula","spotify:album:3yVX4sKtPoqFjBKOVyJenW","Qala (Music From The Netflix Film)","spotify:artist:7HCqGPJcQTyGJ2yqntbuyr, spotify:artist:2GD7Jxc5ztOuLNsZIHBREJ","Amit Trivedi, Sagar Desai","2022-11-23","https://i.scdn.co/image/ab67616d0000b2738921a9704841aa4bab665fef","1","3","239482","https://p.scdn.co/mp3-preview/89a5d16d3a94a3b00c6eb6f789d15a69ab1e9e12?cid=9950ac751e34487dbbe027c4fd7f8e99","false","51","INS172222718","spotify:user:pjwjkeplirrbgs4o6iva2lzct","2024-07-11T20:06:46Z","bollywood,hindi pop,desi,gujarati garba,gujarati pop,bollywood,hindi pop,desi,qawwali,sufi,ghazal,bollywood","0.641","0.369","2","-7.514","0","0.0319","0.881","0.00000568","0.109","0.387","115.968","1","","Sony Music Entertainment India Pvt. Ltd. / Netflix Music Inc.","P (P) 2022 Sony Music Entertainment India Pvt. Ltd. Under Exclusive License From Netflix Music Inc."
"spotify:track:4XA2TXEycTQL3xhPV7L2kt","Savera","spotify:artist:5tVEtYVMATyQ6OVOetuZlk, spotify:artist:1jR0u53xF6iccwKAu9SD3H","Iqlipse Nova, Anubha Bajaj","spotify:album:3JEj0JqpBIbAiIJ3SyADpd","Savera","spotify:artist:5tVEtYVMATyQ6OVOetuZlk, spotify:artist:1jR0u53xF6iccwKAu9SD3H","Iqlipse Nova, Anubha Bajaj","2024-06-13","https://i.scdn.co/image/ab67616d0000b273985e11d74b2a28294db75c8b","1","1","143472","https://p.scdn.co/mp3-preview/d43910d10990597609ea439f5f6cf65b86efab1b?cid=9950ac751e34487dbbe027c4fd7f8e99","false","65","INS172408892","spotify:user:pjwjkeplirrbgs4o6iva2lzct","2024-07-11T20:07:31Z","indian indie,hindi indie,hindi pop,indian indie,hindi indie","0.775","0.418","6","-10.342","1","0.0327","0.527","0","0.108","0.822","108.057","4","","Sony Music Entertainment India Pvt. Ltd.","P (P) 2024 Sony Music Entertainment India Pvt. Ltd."
"spotify:track:5Z2GQ0eBKoatNYqbGayihP","Lamhey","spotify:artist:1jR0u53xF6iccwKAu9SD3H","Anubha Bajaj","spotify:album:1jZWNePo4dPSElLKJ0I2zA","Lamhey","spotify:artist:1jR0u53xF6iccwKAu9SD3H","Anubha Bajaj","2023-02-24","https://i.scdn.co/image/ab67616d0000b2735263b68a320f2ca13bc6ff20","1","1","148966","https://p.scdn.co/mp3-preview/75b01a64b835dd04e5e81339663fb1c4dc1fa06c?cid=9950ac751e34487dbbe027c4fd7f8e99","false","63","QM4TW2373066","spotify:user:pjwjkeplirrbgs4o6iva2lzct","2024-07-11T20:18:38Z","indian indie,hindi indie","0.571","0.395","2","-10.502","1","0.0372","0.601","0.000247","0.255","0.631","173.998","4","","Sony Music Entertainment India Pvt. Ltd.","P (P) 2023 Sony Music Entertainment India Pvt. Ltd."
"spotify:track:1kTEGyqUJFgstwdgJFLqz1","Dil Se Dil Tak (From ""Bawaal"")","spotify:artist:1Taiu6ysv5t5sVhhMYYucf, spotify:artist:5M4WmRBIQBWlBflNZj7BTG, spotify:artist:3GBSge8pq7mpezUQl0GAOA, spotify:artist:1Uy4rDTdXHBBSAjDTOKoRC","Akashdeep Sengupta, Laqshay Kapoor, Kausar Munir, Suvarna Tiwari","spotify:album:1vaX8lnpErNywb6HwJBOsw","Dil Se Dil Tak (From ""Bawaal"")","spotify:artist:1Taiu6ysv5t5sVhhMYYucf, spotify:artist:5M4WmRBIQBWlBflNZj7BTG, spotify:artist:3GBSge8pq7mpezUQl0GAOA","Akashdeep Sengupta, Laqshay Kapoor, Kausar Munir","2023-07-14","https://i.scdn.co/image/ab67616d0000b273bdbfa224f9c1f5c657c4250e","1","1","301035","https://p.scdn.co/mp3-preview/4cf21c7151d53de08abd4556b5d629ce00fd1340?cid=9950ac751e34487dbbe027c4fd7f8e99","false","72","INS182301982","spotify:user:pjwjkeplirrbgs4o6iva2lzct","2024-07-16T11:21:20Z","hindi pop,hindi pop,bollywood,hindi pop,desi,qawwali,sufi","0.382","0.5","3","-6.154","1","0.037","0.854","0","0.166","0.232","111.927","4","","T-Series","C 2023 Super Cassettes Industries Private Limited, P 2023 Super Cassettes Industries Private Limited"
"spotify:track:2NMdR5LFOAO7HKWyXG9xgK","Tuu - From ""Auron Mein Kahan Dum Tha""","spotify:artist:5YewttB9YNwpp5u3SGrRER, spotify:artist:4W91bbPB2CTSsHwt7eqNl7, spotify:artist:19MVxKZZdPj2X0F8pi0OCT, spotify:artist:4cAERazLlAzVGA10ORWaUP","M. M. Kreem, Javed Ali, Sukhwinder Singh, Manoj Muntashir","spotify:album:1tH5yStwsjn81szLAWdkqS","Tuu (From ""Auron Mein Kahan Dum Tha"")","spotify:artist:5YewttB9YNwpp5u3SGrRER, spotify:artist:4W91bbPB2CTSsHwt7eqNl7, spotify:artist:19MVxKZZdPj2X0F8pi0OCT","M. M. Kreem, Javed Ali, Sukhwinder Singh","2024-06-18","https://i.scdn.co/image/ab67616d0000b273cfcbdc3282e2f350c02bed48","1","1","251139","","false","31","INZ031415492","spotify:user:pjwjkeplirrbgs4o6iva2lzct","2024-08-15T10:17:39Z","sufi,bollywood,hindi pop,qawwali,desi,desi pop,bollywood,desi,hindi pop,bhajan,hindi pop,bollywood,devotional","0.588","0.815","2","-6.495","1","0.123","0.809","0","0.0826","0.607","108.03","4","","Zee Music Company","C © 2024 Zee Music Company, P ℗ 2024 Zee Music Company"
"spotify:track:7vl5itLV1s8yj7Rqm2LKaH","Shoorveer III","spotify:artist:7FmygnepJt3fhiZQDmoC0P, spotify:artist:0jwEjjVUUOLop2Nhnoh16H, spotify:artist:4LYY7MCgBn5wXuIt2UOfFq, spotify:artist:5IzIL7dnJku61Le2Qv9Ehu, spotify:artist:3TwDjxq0xKO564mxocDOhJ","Rapperiya Baalam, Jagirdar RV, Meetu Solanki, SHAMBHO, Rajneesh Jaipuri","spotify:album:11KgrgwefGbmuePtTWqerI","Shoorveer III","spotify:artist:7FmygnepJt3fhiZQDmoC0P, spotify:artist:0jwEjjVUUOLop2Nhnoh16H","Rapperiya Baalam, Jagirdar RV","2022-02-19","https://i.scdn.co/image/ab67616d0000b27357c966ee3968008282afd240","1","1","213000","https://p.scdn.co/mp3-preview/7a5fcaacf747b0fd119459ca4d278ee88390460d?cid=9950ac751e34487dbbe027c4fd7f8e99","false","67","TCAFY2170572","spotify:user:pjwjkeplirrbgs4o6iva2lzct","2024-08-16T06:18:11Z","bhajan,devotional,bhajan,devotional,marathi pop,desi hip hop,hindi hip hop","0.768","0.726","9","-7.311","0","0.144","0.232","0","0.125","0.598","95.06","4","","Rapperiya Baalam","C 2022 Rapperiya Baalam, P 2022 Rapperiya Baalam"
"spotify:track:4ITtnvLQ6SOA8XhiqkLa24","Gulabi Sadi","spotify:artist:4B9efXsA6sv4w3vts8E0T7, spotify:artist:7BcFJxi62f6cbPyxdTZGll","Sanju Rathod, G-SPXRK","spotify:album:5NDcb02xBpTu752ETxKuGN","Gulabi Sadi","spotify:artist:4B9efXsA6sv4w3vts8E0T7, spotify:artist:7BcFJxi62f6cbPyxdTZGll","Sanju Rathod, G-SPXRK","2024-02-06","https://i.scdn.co/image/ab67616d0000b27358ce01f471e8550949a5ac78","1","1","223347","https://p.scdn.co/mp3-preview/ac401fc779598cba58741b9e3349e622b1187eae?cid=9950ac751e34487dbbe027c4fd7f8e99","false","70","FR2X42446102","spotify:user:pjwjkeplirrbgs4o6iva2lzct","2024-09-12T15:06:45Z","marathi pop,marathi pop","0.798","0.552","0","-6.355","1","0.0768","0.393","0","0.0943","0.7","127.968","4","","Sanjay Rathod","C 2024 Sanjay Rathod, P 2024 Sanjay Rathod"
"spotify:track:1TiZWEsxN85yLJBq56K8mG","Like I Do","spotify:artist:0VpMOC5IZU06u29fWjv3qJ","J.Tajor","spotify:album:4AT7V0zZ0B3xWDef7sPCyJ","Like I Do","spotify:artist:0VpMOC5IZU06u29fWjv3qJ","J.Tajor","2022-03-04","https://i.scdn.co/image/ab67616d0000b273e649cde12610c45e05a10d44","1","1","149142","https://p.scdn.co/mp3-preview/89570eb25e62b3af3a46911b8b70d0dc8a599861?cid=9950ac751e34487dbbe027c4fd7f8e99","false","69","TCAGB2228976","spotify:user:pjwjkeplirrbgs4o6iva2lzct","2024-09-16T08:36:22Z","","0.847","0.5","9","-5.481","1","0.0362","0.648","0","0.104","0.603","105.01","4","","ACTS Music Group","C 2024 ACTS Music Group, P 2024 ACTS Music Group"
"spotify:track:1sd2HaV5RYWN8ly7htaElN","everything everywhere always","spotify:artist:3IR6DvP0x2a6oUSist9UMu","elijah woods","spotify:album:73HKMtn4WRIvvm1m2QEAdf","everything everywhere always","spotify:artist:3IR6DvP0x2a6oUSist9UMu","elijah woods","2022-08-19","https://i.scdn.co/image/ab67616d0000b2737355aaee321cc2b4a9e7586f","1","1","147847","https://p.scdn.co/mp3-preview/5586633a88dae86bf290349cbc17e145d90646e5?cid=9950ac751e34487dbbe027c4fd7f8e99","false","65","QZMEP2282689","spotify:user:pjwjkeplirrbgs4o6iva2lzct","2024-09-18T17:22:39Z","","0.402","0.38","6","-10.233","1","0.045","0.746","0.00000258","0.272","0.187","143.632","5","","elijah woods","C 2022 elijah woods, P 2022 elijah woods"
"spotify:track:4mm39wDyaVYByBLz5MN3kW","where we're going","spotify:artist:3IR6DvP0x2a6oUSist9UMu","elijah woods","spotify:album:6VyR17Yjzo1zHMpWgT7oNC","bright orange everglow","spotify:artist:3IR6DvP0x2a6oUSist9UMu","elijah woods","2023-08-20","https://i.scdn.co/image/ab67616d0000b2734c3da5bd6c477a7c53a74104","1","2","178693","https://p.scdn.co/mp3-preview/e83d17ac05541abd2b9fa90c8b547eaeaff7178d?cid=9950ac751e34487dbbe027c4fd7f8e99","false","63","QZNWU2345438","spotify:user:pjwjkeplirrbgs4o6iva2lzct","2024-09-18T17:44:46Z","","0.584","0.477","6","-7.242","1","0.0302","0.123","0","0.139","0.224","77.478","4","","elijah woods","C 2023 elijah woods, P 2023 elijah woods"
"spotify:track:7nEARFErrSyOqWe9ohkGxQ","madly","spotify:artist:3G9gR0x4v3J2Vek0Fw0yf2, spotify:artist:12knc5DPOIJKd0qEeYaDVm, spotify:artist:4HZ5fqzmMUI1khzRpOeZBP","Emily Vaughn, Joseph Tilley, we're ok!","spotify:album:5RkTMRhAQWwFKKotQUbq9S","madly","spotify:artist:3G9gR0x4v3J2Vek0Fw0yf2, spotify:artist:12knc5DPOIJKd0qEeYaDVm, spotify:artist:4HZ5fqzmMUI1khzRpOeZBP","Emily Vaughn, Joseph Tilley, we're ok!","2022-06-10","https://i.scdn.co/image/ab67616d0000b273f05b2d61d341f9b76ad7dcc2","1","1","100363","https://p.scdn.co/mp3-preview/42b8c2322aa0c0ae5d91a2611c7b93c64d8795ba?cid=9950ac751e34487dbbe027c4fd7f8e99","false","34","QZPEW2211283","spotify:user:pjwjkeplirrbgs4o6iva2lzct","2024-09-20T10:37:32Z","","0.786","0.569","8","-9.362","0","0.0396","0.499","0.00000707","0.116","0.85","110.039","4","","Emily Vaughn","C 2022 Emily Vaughn and Joseph Tilley, P 2022 Emily Vaughn and Joseph Tilley"
"spotify:track:05QUYSOApWLr8oBbpONl7p","24/7, 365","spotify:artist:3IR6DvP0x2a6oUSist9UMu","elijah woods","spotify:album:4GIH14Ii08p24CHN7MlooG","24/7, 365","spotify:artist:3IR6DvP0x2a6oUSist9UMu","elijah woods","2023-07-24","https://i.scdn.co/image/ab67616d0000b273461401f9d30353d56be3f19f","1","1","167000","https://p.scdn.co/mp3-preview/c36c954550003bcc96a355cbd2edfdd3069ad08f?cid=9950ac751e34487dbbe027c4fd7f8e99","false","75","QZNWU2345439","spotify:user:pjwjkeplirrbgs4o6iva2lzct","2024-09-23T11:27:50Z","","0.664","0.549","6","-7.282","1","0.036","0.202","0","0.122","0.408","149.98","4","","elijah woods","C 2023 elijah woods, P 2023 elijah woods"
"spotify:track:6I3mqTwhRpn34SLVafSH7G","Ghost","spotify:artist:1uNFoZAHBGtllmzznpCI3s","Justin Bieber","spotify:album:5dGWwsZ9iB2Xc3UKR0gif2","Justice","spotify:artist:1uNFoZAHBGtllmzznpCI3s","Justin Bieber","2021-03-19","https://i.scdn.co/image/ab67616d0000b273e6f407c7f3a0ec98845e4431","1","11","153190","","false","85","USUM72102635","spotify:user:pjwjkeplirrbgs4o6iva2lzct","2024-09-24T06:38:22Z","","0.601","0.741","2","-5.569","1","0.0478","0.185","0.0000291","0.415","0.441","153.96","4","","RBMG/Def Jam","C © 2021 Def Jam Recordings, a division of UMG Recordings, Inc., P ℗ 2021 Def Jam Recordings, a division of UMG Recordings, Inc."
"spotify:track:28BCNRMaHo6kV9m8j8W927","Silu Silu","spotify:artist:0aUQnP4HhUQXcurZl9GJIA, spotify:artist:0MC4IRJmruzbwPInw7vmL7","Vijay Yesudas, Madhan Karky","spotify:album:6pcgEfjBkebqPTrRPLPL96","Vanamagan (Original Motion Picture Soundtrack)","spotify:artist:29aw5YCdIw2FEXYyAJZI8l","Harris Jayaraj","2017-04-22","https://i.scdn.co/image/ab67616d0000b273d8bac3239e2744ebc7829444","1","3","321373","https://p.scdn.co/mp3-preview/0212dc5d6a72eb9a1a9450a4e083767d4d3f6819?cid=9950ac751e34487dbbe027c4fd7f8e99","false","50","INS171701096","spotify:user:pjwjkeplirrbgs4o6iva2lzct","2024-10-15T06:59:05Z","malayalam pop,mollywood,tamil pop,kollywood,tamil pop,kollywood,tamil dance","0.795","0.463","4","-8.781","0","0.0405","0.358","0.000541","0.0694","0.485","95.001","4","","Sony Music Entertainment India Pvt. Ltd.","P (P) 2017 Sony Music Entertainment India Pvt. Ltd."
"spotify:track:2x1jP9BexWtOKudvuUHbaD","Home","spotify:artist:7giUHu5pv6YTZgSkxxCcgh","Edward Sharpe & The Magnetic Zeros","spotify:album:2tLdKDCv86cEamk2nrL7q9","Up from Below","spotify:artist:7giUHu5pv6YTZgSkxxCcgh","Edward Sharpe & The Magnetic Zeros","2009-07-14","https://i.scdn.co/image/ab67616d0000b273807aad47d0c190e56f263038","1","6","303200","https://p.scdn.co/mp3-preview/f03450f96af58de78c5de7f7d9f1d93ddd9eb945?cid=9950ac751e34487dbbe027c4fd7f8e99","false","69","USVR90954206","spotify:user:pjwjkeplirrbgs4o6iva2lzct","2024-10-18T06:10:29Z","","0.542","0.59","2","-6.623","1","0.0318","0.292","0.00055","0.177","0.136","111.661","4","","Community Music Group","P 2009 Community Music Group"
"spotify:track:4sDbdBjuYQVdNNB4PiHUPo","Coastline","spotify:artist:7IAFAOtc9kTYNTizhLSWM6","Hollow Coves","spotify:album:37yGR6auNK3W1XbcDYfSjw","Wanderlust","spotify:artist:7IAFAOtc9kTYNTizhLSWM6","Hollow Coves","2017-03-17","https://i.scdn.co/image/ab67616d0000b2732735fa941859fad0e5cc7460","1","1","233973","https://p.scdn.co/mp3-preview/f7c248cfa7afa729dac6ac128765c261b76a7560?cid=9950ac751e34487dbbe027c4fd7f8e99","false","79","AUGSG1600007","spotify:user:pjwjkeplirrbgs4o6iva2lzct","2024-11-10T07:22:44Z","indie folk","0.67","0.496","2","-11.23","1","0.0277","0.627","0.00319","0.0584","0.427","100.17","4","","Nettwerk Music Group","C 2017 Hollow Coves Music under exclusive license to Nettwerk Music Group Inc., P 2017 Hollow Coves Music under exclusive license to Nettwerk Music Group Inc."
"spotify:track:3ZOD3aghbxBkgKsLu2jOEK","These Memories","spotify:artist:7IAFAOtc9kTYNTizhLSWM6","Hollow Coves","spotify:album:37yGR6auNK3W1XbcDYfSjw","Wanderlust","spotify:artist:7IAFAOtc9kTYNTizhLSWM6","Hollow Coves","2017-03-17","https://i.scdn.co/image/ab67616d0000b2732735fa941859fad0e5cc7460","1","6","313480","https://p.scdn.co/mp3-preview/1568ef008399f1b05c147be74f42fea8cfc888b5?cid=9950ac751e34487dbbe027c4fd7f8e99","false","56","AUGSG1600011","spotify:user:pjwjkeplirrbgs4o6iva2lzct","2024-11-12T19:06:55Z","indie folk","0.521","0.265","1","-18.229","1","0.0319","0.961","0.133","0.0676","0.392","77.519","4","","Nettwerk Music Group","C 2017 Hollow Coves Music under exclusive license to Nettwerk Music Group Inc., P 2017 Hollow Coves Music under exclusive license to Nettwerk Music Group Inc."
"spotify:track:1wfmYC9gDGU5wp2LVrVSgx","Har Har Gange","spotify:artist:1SyKki7JI1AZNKwgNMkn25, spotify:artist:4YRxDV8wJFPHPTeXepOstw, spotify:artist:6k6TIai4KyKG1DeIMftSmJ","Sachet-Parampara, Arijit Singh, Siddharth - Garima","spotify:album:4Uxt9DMRqqyFy1Ve6BuFte","Batti Gul Meter Chalu","spotify:artist:0LyfQWJT6nXafLPZqxe9Of","Various Artists","2018-09-08","https://i.scdn.co/image/ab67616d0000b273d43017a1e837396edbace767","1","5","182571","https://p.scdn.co/mp3-preview/9943d205f78b17afed3fd52e726e85636b3a7731?cid=9950ac751e34487dbbe027c4fd7f8e99","false","59","INS181802004","spotify:user:pjwjkeplirrbgs4o6iva2lzct","2025-01-09T17:02:54Z","bhajan,hindi pop,devotional,bollywood,hindi pop,bollywood,desi,bangla pop,gujarati garba,bollywood,desi,hindi pop,gujarati pop","0.464","0.388","2","-11.959","1","0.0288","0.541","0.0000579","0.416","0.11","107.784","4","","T-Series","C 2018 Super Cassettes Industries Private Limited, P 2018 Super Cassettes Industries Private Limited"
"spotify:track:69EBg5Kl8SwvDfxFQ1aPNY","Bandeya Rey Bandeya","spotify:artist:4YRxDV8wJFPHPTeXepOstw, spotify:artist:1sVmXkzX2ukc6QvasrDBES","Arijit Singh, Asees Kaur","spotify:album:3dynRTuVOrAr5O7srr2txN","Simmba","spotify:artist:0LyfQWJT6nXafLPZqxe9Of","Various Artists","2018-12-27","https://i.scdn.co/image/ab67616d0000b2731563e3ab78422f323f54c57f","1","5","254841","https://p.scdn.co/mp3-preview/fc257210e6b0639d5f9bda11f102b748a2ea3c87?cid=9950ac751e34487dbbe027c4fd7f8e99","false","62","INS181802847","spotify:user:pjwjkeplirrbgs4o6iva2lzct","2025-01-09T17:06:38Z","hindi pop,bollywood,desi,bangla pop,hindi pop,bollywood,gujarati garba,desi","0.445","0.615","0","-7.714","1","0.0852","0.422","0","0.116","0.235","123.984","4","","T-Series","C 2018 Super Cassettes Industries Private Limited, P 2018 Super Cassettes Industries Private Limited"
